,GEO,year,Labour force,Employment,Population,Part-time employment ,Full-time employment
0,Alberta,1976,890483.3333333334,855791.6666666666,1320641.6666666667,126016.66666666667,729791.6666666666
1,Alberta,1977,946833.3333333334,904358.3333333334,1399300.0,131225.0,773133.3333333334
2,Alberta,1978,1007875.0,960158.3333333334,1469416.6666666667,142358.33333333334,817808.3333333334
3,Alberta,1979,1075616.6666666667,1032933.3333333334,1538925.0,142866.66666666666,890100.0
4,Alberta,1980,1146375.0,1101966.6666666667,1619383.3333333333,152350.0,949625.0
5,Alberta,1981,1230975.0,1183183.3333333333,1702316.6666666667,163416.66666666666,1019775.0
6,Alberta,1982,1263608.3333333333,1165550.0,1759208.3333333333,170175.0,995400.0
7,Alberta,1983,1274608.3333333333,1134366.6666666667,1777350.0,187091.66666666666,947275.0
8,Alberta,1984,1283650.0,1137150.0,1778775.0,195683.33333333334,941475.0
9,Alberta,1985,1300091.6666666667,1172958.3333333333,1791125.0,203216.66666666666,969716.6666666666
10,Alberta,1986,1315666.6666666667,1183966.6666666667,1811941.6666666667,201025.0,982925.0
11,Alberta,1987,1313041.6666666667,1188016.6666666667,1815050.0,207991.66666666666,980000.0
12,Alberta,1988,1329075.0,1222825.0,1827108.3333333333,212316.66666666666,1010500.0
13,Alberta,1989,1347375.0,1251008.3333333333,1853125.0,216508.33333333334,1034500.0
14,Alberta,1990,1370466.6666666667,1275583.3333333333,1889791.6666666667,216975.0,1058591.6666666667
15,Alberta,1991,1398908.3333333333,1283525.0,1927775.0,222825.0,1060741.6666666667
16,Alberta,1992,1414033.3333333333,1280241.6666666667,1958091.6666666667,238116.66666666666,1042133.3333333334
17,Alberta,1993,1426283.3333333333,1289558.3333333333,1987241.6666666667,250775.0,1038783.3333333334
18,Alberta,1994,1452600.0,1325225.0,2016250.0,257541.66666666666,1067675.0
19,Alberta,1995,1481616.6666666667,1365616.6666666667,2048841.6666666667,264725.0,1100891.6666666667
20,Alberta,1996,1508600.0,1404750.0,2086908.3333333333,264208.3333333333,1140541.6666666667
21,Alberta,1997,1543250.0,1452750.0,2139008.3333333335,271541.6666666667,1181208.3333333333
22,Alberta,1998,1598541.6666666667,1509266.6666666667,2201025.0,286983.3333333333,1222275.0
23,Alberta,1999,1637125.0,1544383.3333333333,2254633.3333333335,295316.6666666667,1249075.0
24,Alberta,2000,1666841.6666666667,1584100.0,2306883.3333333335,291608.3333333333,1292491.6666666667
25,Alberta,2001,1708558.3333333333,1627908.3333333333,2360283.3333333335,293900.0,1334000.0
26,Alberta,2002,1766616.6666666667,1671966.6666666667,2423941.6666666665,297600.0,1374383.3333333333
27,Alberta,2003,1820908.3333333333,1727775.0,2477225.0,311325.0,1416450.0
28,Alberta,2004,1861616.6666666667,1776300.0,2532850.0,319950.0,1456358.3333333333
29,Alberta,2005,1896566.6666666667,1821991.6666666667,2608116.6666666665,313466.6666666667,1508516.6666666667
30,Alberta,2006,1988800.0,1918450.0,2698616.6666666665,308250.0,1610225.0
31,Alberta,2007,2071491.6666666667,1995166.6666666667,2778516.6666666665,313825.0,1681341.6666666667
32,Alberta,2008,2131441.6666666665,2048958.3333333333,2851050.0,328750.0,1720208.3333333333
33,Alberta,2009,2177858.3333333335,2030483.3333333333,2921200.0,362066.6666666667,1668408.3333333333
34,Alberta,2010,2171725.0,2030341.6666666667,2967666.6666666665,359316.6666666667,1671016.6666666667
35,Alberta,2011,2227166.6666666665,2104533.3333333335,3014550.0,360858.3333333333,1743683.3333333333
36,Alberta,2012,2275358.3333333335,2167566.6666666665,3078516.6666666665,355541.6666666667,1812025.0
37,Alberta,2013,2316641.6666666665,2209291.6666666665,3158500.0,353475.0,1855833.3333333333
38,Alberta,2014,2359116.6666666665,2245733.3333333335,3237233.3333333335,372716.6666666667,1873041.6666666667
39,Alberta,2015,2411533.3333333335,2265475.0,3284491.6666666665,391400.0,1874075.0
40,Alberta,2016,2401983.3333333335,2205633.3333333335,3316308.3333333335,417216.6666666667,1788391.6666666667
41,Alberta,2017,2415791.6666666665,2222491.6666666665,3350466.6666666665,417883.3333333333,1804625.0
42,Alberta,2018,2441875.0,2280716.6666666665,3398425.0,410583.3333333333,1870125.0
43,Alberta,2019,2476525.0,2305958.3333333335,3454383.3333333335,418725.0,1887225.0
44,Alberta,2020,2420350.0,2143966.6666666665,3506975.0,386091.6666666667,1757891.6666666667
45,Alberta,2021,2469858.3333333335,2260966.6666666665,3543683.3333333335,424191.6666666667,1836775.0
46,Alberta,2022,2522833.3333333335,2377533.3333333335,3616583.3333333335,440475.0,1937041.6666666667
47,Alberta,2023,2585600.0,2429700.0,3678400.0,452300.0,1977400.0
48,British Columbia,1976,1158716.6666666667,1061366.6666666667,1875500.0,159191.66666666666,902200.0
49,British Columbia,1977,1189016.6666666667,1089666.6666666667,1921616.6666666667,166191.66666666666,923466.6666666666
50,British Columbia,1978,1240941.6666666667,1138233.3333333333,1972158.3333333333,169650.0,968591.6666666666
51,British Columbia,1979,1287641.6666666667,1188533.3333333333,2027033.3333333333,185500.0,1003058.3333333334
52,British Columbia,1980,1356783.3333333333,1265941.6666666667,2098050.0,210275.0,1055650.0
53,British Columbia,1981,1416633.3333333333,1319950.0,2166500.0,219366.66666666666,1100600.0
54,British Columbia,1982,1428058.3333333333,1254100.0,2208916.6666666665,223408.33333333334,1030691.6666666666
55,British Columbia,1983,1446025.0,1245283.3333333333,2240408.3333333335,243558.33333333334,1001708.3333333334
56,British Columbia,1984,1464791.6666666667,1244891.6666666667,2276458.3333333335,239766.66666666666,1005125.0
57,British Columbia,1985,1492900.0,1279375.0,2306575.0,248225.0,1031141.6666666666
58,British Columbia,1986,1526675.0,1331433.3333333333,2335066.6666666665,264050.0,1067375.0
59,British Columbia,1987,1566791.6666666667,1377800.0,2371183.3333333335,264458.3333333333,1113350.0
60,British Columbia,1988,1599025.0,1434875.0,2419000.0,274491.6666666667,1160383.3333333333
61,British Columbia,1989,1657250.0,1507808.3333333333,2477166.6666666665,265525.0,1242283.3333333333
62,British Columbia,1990,1702033.3333333333,1558708.3333333333,2545883.3333333335,277908.3333333333,1280816.6666666667
63,British Columbia,1991,1750258.3333333333,1576883.3333333333,2616258.3333333335,305666.6666666667,1271216.6666666667
64,British Columbia,1992,1800583.3333333333,1617166.6666666667,2690466.6666666665,314850.0,1302350.0
65,British Columbia,1993,1847358.3333333333,1668250.0,2770533.3333333335,327308.3333333333,1340950.0
66,British Columbia,1994,1918383.3333333333,1743808.3333333333,2858866.6666666665,362858.3333333333,1380941.6666666667
67,British Columbia,1995,1950966.6666666667,1785791.6666666667,2944516.6666666665,353875.0,1431908.3333333333
68,British Columbia,1996,1985725.0,1813133.3333333333,3026150.0,363916.6666666667,1449208.3333333333
69,British Columbia,1997,2031708.3333333333,1859541.6666666667,3096750.0,386350.0,1473175.0
70,British Columbia,1998,2037983.3333333333,1858225.0,3138491.6666666665,398125.0,1460091.6666666667
71,British Columbia,1999,2064033.3333333333,1894400.0,3172825.0,405991.6666666667,1488416.6666666667
72,British Columbia,2000,2080841.6666666667,1931483.3333333333,3210616.6666666665,397408.3333333333,1534075.0
73,British Columbia,2001,2082425.0,1920816.6666666667,3252725.0,403216.6666666667,1517575.0
74,British Columbia,2002,2133850.0,1950625.0,3284125.0,444516.6666666667,1506108.3333333333
75,British Columbia,2003,2172516.6666666665,1997575.0,3313591.6666666665,446141.6666666667,1551416.6666666667
76,British Columbia,2004,2185325.0,2029708.3333333333,3349950.0,425458.3333333333,1604241.6666666667
77,British Columbia,2005,2219391.6666666665,2090083.3333333333,3393416.6666666665,430750.0,1659341.6666666667
78,British Columbia,2006,2264308.3333333335,2153808.3333333335,3442408.3333333335,443100.0,1710700.0
79,British Columbia,2007,2313100.0,2211941.6666666665,3493216.6666666665,455516.6666666667,1756441.6666666667
80,British Columbia,2008,2357808.3333333335,2244058.3333333335,3548583.3333333335,457383.3333333333,1786683.3333333333
81,British Columbia,2009,2389916.6666666665,2203083.3333333335,3609016.6666666665,484766.6666666667,1718341.6666666667
82,British Columbia,2010,2410200.0,2223258.3333333335,3663900.0,496075.0,1727183.3333333333
83,British Columbia,2011,2419491.6666666665,2235391.6666666665,3707358.3333333335,507558.3333333333,1727816.6666666667
84,British Columbia,2012,2466950.0,2296708.3333333335,3766658.3333333335,499258.3333333333,1797433.3333333333
85,British Columbia,2013,2486883.3333333335,2320475.0,3828533.3333333335,498500.0,1821975.0
86,British Columbia,2014,2506033.3333333335,2348983.3333333335,3897691.6666666665,508125.0,1840841.6666666667
87,British Columbia,2015,2546575.0,2390000.0,3960158.3333333335,486725.0,1903275.0
88,British Columbia,2016,2626741.6666666665,2468166.6666666665,4024775.0,527125.0,1941033.3333333333
89,British Columbia,2017,2702641.6666666665,2560616.6666666665,4088058.3333333335,546758.3333333334,2013883.3333333333
90,British Columbia,2018,2734533.3333333335,2607116.6666666665,4163041.6666666665,552641.6666666666,2054475.0
91,British Columbia,2019,2812300.0,2676116.6666666665,4240466.666666667,582141.6666666666,2093950.0
92,British Columbia,2020,2762191.6666666665,2509841.6666666665,4299666.666666667,527700.0,1982175.0
93,British Columbia,2021,2851500.0,2665416.6666666665,4349783.333333333,583150.0,2082258.3333333333
94,British Columbia,2022,2880416.6666666665,2748250.0,4425925.0,570216.6666666666,2178033.3333333335
95,British Columbia,2023,2897100.0,2770700.0,4455200.0,554700.0,2216000.0
96,Manitoba,1976,455800.0,434516.6666666667,737541.6666666666,61458.333333333336,373050.0
97,Manitoba,1977,464316.6666666667,438125.0,747250.0,66550.0,371616.6666666667
98,Manitoba,1978,475325.0,444391.6666666667,754608.3333333334,69691.66666666667,374691.6666666667
99,Manitoba,1979,481033.3333333333,454850.0,757375.0,72475.0,382350.0
100,Manitoba,1980,488916.6666666667,462150.0,760425.0,77000.0,385133.3333333333
101,Manitoba,1981,498650.0,468833.3333333333,765441.6666666666,78608.33333333333,390216.6666666667
102,Manitoba,1982,503883.3333333333,460583.3333333333,774408.3333333334,84466.66666666667,376150.0
103,Manitoba,1983,516958.3333333333,467925.0,785750.0,88391.66666666667,379541.6666666667
104,Manitoba,1984,524025.0,479350.0,795575.0,90133.33333333333,389225.0
105,Manitoba,1985,530791.6666666666,486825.0,805091.6666666666,88750.0,398091.6666666667
106,Manitoba,1986,541916.6666666666,500758.3333333333,813141.6666666666,93491.66666666667,407275.0
107,Manitoba,1987,546150.0,505275.0,818366.6666666666,96283.33333333333,408991.6666666667
108,Manitoba,1988,548550.0,506233.3333333333,821441.6666666666,97775.0,408475.0
109,Manitoba,1989,553916.6666666666,512875.0,822508.3333333334,99666.66666666667,413216.6666666667
110,Manitoba,1990,554750.0,513875.0,824225.0,104333.33333333333,409541.6666666667
111,Manitoba,1991,554541.6666666666,506750.0,827325.0,110733.33333333333,396033.3333333333
112,Manitoba,1992,551125.0,499916.6666666667,828608.3333333334,111000.0,388933.3333333333
113,Manitoba,1993,555641.6666666666,503758.3333333333,830991.6666666666,111516.66666666667,392233.3333333333
114,Manitoba,1994,556258.3333333334,507675.0,833550.0,107983.33333333333,399700.0
115,Manitoba,1995,556616.6666666666,516333.3333333333,836425.0,107450.0,408883.3333333333
116,Manitoba,1996,558083.3333333334,517691.6666666667,840025.0,109408.33333333333,408300.0
117,Manitoba,1997,561416.6666666666,525033.3333333334,842791.6666666666,105975.0,419100.0
118,Manitoba,1998,566258.3333333334,534800.0,845316.6666666666,103950.0,430866.6666666667
119,Manitoba,1999,573983.3333333334,541825.0,850300.0,106250.0,435591.6666666667
120,Manitoba,2000,580891.6666666666,552250.0,855883.3333333334,104516.66666666667,447741.6666666667
121,Manitoba,2001,579158.3333333334,549675.0,855016.6666666666,105550.0,444125.0
122,Manitoba,2002,593416.6666666666,563300.0,861083.3333333334,112333.33333333333,450950.0
123,Manitoba,2003,596266.6666666666,566750.0,868691.6666666666,111550.0,455216.6666666667
124,Manitoba,2004,604650.0,572733.3333333334,878241.6666666666,110408.33333333333,462325.0
125,Manitoba,2005,605133.3333333334,576483.3333333334,885241.6666666666,113416.66666666667,463083.3333333333
126,Manitoba,2006,610866.6666666666,583158.3333333334,891966.6666666666,115766.66666666667,467400.0
127,Manitoba,2007,621591.6666666666,592816.6666666666,899075.0,115016.66666666667,477800.0
128,Manitoba,2008,629366.6666666666,602700.0,907083.3333333334,115733.33333333333,486958.3333333333
129,Manitoba,2009,634641.6666666666,600341.6666666666,917108.3333333334,116833.33333333333,483500.0
130,Manitoba,2010,645358.3333333334,610308.3333333334,928308.3333333334,120950.0,489358.3333333333
131,Manitoba,2011,651808.3333333334,616341.6666666666,939400.0,122150.0,494208.3333333333
132,Manitoba,2012,656758.3333333334,621125.0,951683.3333333334,122125.0,499041.6666666667
133,Manitoba,2013,662908.3333333334,626800.0,962258.3333333334,123941.66666666667,502850.0
134,Manitoba,2014,664700.0,628433.3333333334,972700.0,121375.0,507058.3333333333
135,Manitoba,2015,676000.0,637600.0,982708.3333333334,122225.0,515350.0
136,Manitoba,2016,678958.3333333334,637608.3333333334,998091.6666666666,124883.33333333333,512725.0
137,Manitoba,2017,684433.3333333334,647691.6666666666,1014091.6666666666,126333.33333333333,521375.0
138,Manitoba,2018,695200.0,653791.6666666666,1027700.0,129700.0,524066.6666666667
139,Manitoba,2019,698758.3333333334,661466.6666666666,1040175.0,130933.33333333333,530533.3333333334
140,Manitoba,2020,689141.6666666666,632908.3333333334,1047775.0,122358.33333333333,510566.6666666667
141,Manitoba,2021,701300.0,656225.0,1051583.3333333333,120841.66666666667,535366.6666666666
142,Manitoba,2022,709633.3333333334,677450.0,1063791.6666666667,126941.66666666667,550483.3333333334
143,Manitoba,2023,712800.0,683200.0,1073300.0,123900.0,559300.0
144,New Brunswick,1976,259700.0,231183.33333333334,481908.3333333333,25483.333333333332,205700.0
145,New Brunswick,1977,263325.0,228133.33333333334,490808.3333333333,26533.333333333332,201600.0
146,New Brunswick,1978,273233.3333333333,239158.33333333334,498566.6666666667,28408.333333333332,210791.66666666666
147,New Brunswick,1979,280550.0,250233.33333333334,506316.6666666667,32841.666666666664,217366.66666666666
148,New Brunswick,1980,285583.3333333333,253958.33333333334,513058.3333333333,33816.666666666664,220141.66666666666
149,New Brunswick,1981,291516.6666666667,257833.33333333334,517041.6666666667,37508.333333333336,220283.33333333334
150,New Brunswick,1982,289425.0,248566.66666666666,522158.3333333333,38825.0,209750.0
151,New Brunswick,1983,295183.3333333333,251141.66666666666,530208.3333333334,41891.666666666664,209266.66666666666
152,New Brunswick,1984,299083.3333333333,255350.0,537450.0,41216.666666666664,214158.33333333334
153,New Brunswick,1985,309033.3333333333,262025.0,542966.6666666666,42883.333333333336,219150.0
154,New Brunswick,1986,316141.6666666667,271025.0,547225.0,44658.333333333336,226358.33333333334
155,New Brunswick,1987,322758.3333333333,280300.0,551891.6666666666,44783.333333333336,235491.66666666666
156,New Brunswick,1988,329616.6666666667,290875.0,556833.3333333334,47483.333333333336,243383.33333333334
157,New Brunswick,1989,337591.6666666667,297125.0,562583.3333333334,47291.666666666664,249833.33333333334
158,New Brunswick,1990,341608.3333333333,300333.3333333333,569108.3333333334,47941.666666666664,252391.66666666666
159,New Brunswick,1991,338391.6666666667,295266.6666666667,575550.0,49050.0,246241.66666666666
160,New Brunswick,1992,340983.3333333333,296841.6666666667,579658.3333333334,50041.666666666664,246775.0
161,New Brunswick,1993,343366.6666666667,299900.0,582166.6666666666,51733.333333333336,248150.0
162,New Brunswick,1994,341391.6666666667,298366.6666666667,584733.3333333334,51066.666666666664,247316.66666666666
163,New Brunswick,1995,347091.6666666667,307325.0,587191.6666666666,51741.666666666664,255566.66666666666
164,New Brunswick,1996,346441.6666666667,305833.3333333333,589891.6666666666,52750.0,253083.33333333334
165,New Brunswick,1997,354450.0,309966.6666666667,592608.3333333334,52475.0,257516.66666666666
166,New Brunswick,1998,359808.3333333333,316225.0,593716.6666666666,51041.666666666664,265191.6666666667
167,New Brunswick,1999,362441.6666666667,325900.0,595750.0,52816.666666666664,273083.3333333333
168,New Brunswick,2000,368641.6666666667,331658.3333333333,598200.0,51008.333333333336,280650.0
169,New Brunswick,2001,371916.6666666667,330375.0,599750.0,49475.0,280900.0
170,New Brunswick,2002,380583.3333333333,341833.3333333333,601316.6666666666,53908.333333333336,287916.6666666667
171,New Brunswick,2003,380083.3333333333,341491.6666666667,603383.3333333334,53175.0,288308.3333333333
172,New Brunswick,2004,386083.3333333333,348441.6666666667,605208.3333333334,55791.666666666664,292641.6666666667
173,New Brunswick,2005,383816.6666666667,346683.3333333333,606358.3333333334,57266.666666666664,289416.6666666667
174,New Brunswick,2006,385150.0,349783.3333333333,606575.0,57133.333333333336,292641.6666666667
175,New Brunswick,2007,388000.0,357908.3333333333,607808.3333333334,57850.0,300058.3333333333
176,New Brunswick,2008,396125.0,361866.6666666667,610425.0,57450.0,304400.0
177,New Brunswick,2009,397433.3333333333,362225.0,614016.6666666666,58566.666666666664,303666.6666666667
178,New Brunswick,2010,397208.3333333333,359650.0,617583.3333333334,55683.333333333336,303966.6666666667
179,New Brunswick,2011,395083.3333333333,357000.0,621000.0,59033.333333333336,297975.0
180,New Brunswick,2012,397016.6666666667,355250.0,623658.3333333334,55833.333333333336,299408.3333333333
181,New Brunswick,2013,399241.6666666667,357341.6666666667,624925.0,57400.0,299933.3333333333
182,New Brunswick,2014,396941.6666666667,357258.3333333333,626100.0,56983.333333333336,300275.0
183,New Brunswick,2015,394308.3333333333,355075.0,626950.0,54775.0,300316.6666666667
184,New Brunswick,2016,396333.3333333333,357691.6666666667,630050.0,57508.333333333336,300191.6666666667
185,New Brunswick,2017,392933.3333333333,360150.0,633141.6666666666,53791.666666666664,306366.6666666667
186,New Brunswick,2018,393583.3333333333,361600.0,636908.3333333334,53666.666666666664,307916.6666666667
187,New Brunswick,2019,395925.0,363425.0,642666.6666666666,55683.333333333336,307741.6666666667
188,New Brunswick,2020,393233.3333333333,352541.6666666667,646925.0,51733.333333333336,300800.0
189,New Brunswick,2021,400425.0,363833.3333333333,650758.3333333334,56166.666666666664,307683.3333333333
190,New Brunswick,2022,402666.6666666667,373641.6666666667,664125.0,53025.0,320625.0
191,New Brunswick,2023,409400.0,378500.0,674300.0,57500.0,321000.0
192,Newfoundland and Labrador,1976,183816.66666666666,159225.0,370666.6666666667,12208.333333333334,147008.33333333334
193,Newfoundland and Labrador,1977,190475.0,160900.0,376250.0,13058.333333333334,147833.33333333334
194,Newfoundland and Labrador,1978,197700.0,166150.0,381983.3333333333,14175.0,151966.66666666666
195,Newfoundland and Labrador,1979,207383.33333333334,176800.0,388600.0,15708.333333333334,161108.33333333334
196,Newfoundland and Labrador,1980,210291.66666666666,182291.66666666666,395633.3333333333,16208.333333333334,166091.66666666666
197,Newfoundland and Labrador,1981,215175.0,186141.66666666666,401808.3333333333,16491.666666666668,169675.0
198,Newfoundland and Labrador,1982,216425.0,181150.0,406491.6666666667,17791.666666666668,163350.0
199,Newfoundland and Labrador,1983,220666.66666666666,180783.33333333334,413800.0,20025.0,160750.0
200,Newfoundland and Labrador,1984,224425.0,179100.0,418591.6666666667,20291.666666666668,158808.33333333334
201,Newfoundland and Labrador,1985,228791.66666666666,182683.33333333334,421925.0,21883.333333333332,160816.66666666666
202,Newfoundland and Labrador,1986,230366.66666666666,186816.66666666666,424241.6666666667,22025.0,164766.66666666666
203,Newfoundland and Labrador,1987,230808.33333333334,189733.33333333334,427133.3333333333,22958.333333333332,166766.66666666666
204,Newfoundland and Labrador,1988,237908.33333333334,199533.33333333334,430916.6666666667,23925.0,175641.66666666666
205,Newfoundland and Labrador,1989,244166.66666666666,206675.0,435583.3333333333,26016.666666666668,180641.66666666666
206,Newfoundland and Labrador,1990,249233.33333333334,206991.66666666666,439825.0,25650.0,181341.66666666666
207,Newfoundland and Labrador,1991,249841.66666666666,204916.66666666666,444450.0,27541.666666666668,177366.66666666666
208,Newfoundland and Labrador,1992,243700.0,194783.33333333334,447950.0,28700.0,166091.66666666666
209,Newfoundland and Labrador,1993,242566.66666666666,193933.33333333334,450316.6666666667,29966.666666666668,163941.66666666666
210,Newfoundland and Labrador,1994,241916.66666666666,193633.33333333334,449091.6666666667,29066.666666666668,164541.66666666666
211,Newfoundland and Labrador,1995,237175.0,194700.0,446666.6666666667,31758.333333333332,162925.0
212,Newfoundland and Labrador,1996,233366.66666666666,189008.33333333334,443725.0,31725.0,157266.66666666666
213,Newfoundland and Labrador,1997,231275.0,189216.66666666666,439466.6666666667,31833.333333333332,157366.66666666666
214,Newfoundland and Labrador,1998,234975.0,193383.33333333334,434075.0,32000.0,161366.66666666666
215,Newfoundland and Labrador,1999,242225.0,201841.66666666666,431183.3333333333,31541.666666666668,170300.0
216,Newfoundland and Labrador,2000,238550.0,199000.0,429333.3333333333,29775.0,169241.66666666666
217,Newfoundland and Labrador,2001,242541.66666666666,203683.33333333334,426608.3333333333,29916.666666666668,173775.0
218,Newfoundland and Labrador,2002,248216.66666666666,206708.33333333334,426008.3333333333,32716.666666666668,173966.66666666666
219,Newfoundland and Labrador,2003,252108.33333333334,210291.66666666666,426750.0,32125.0,178158.33333333334
220,Newfoundland and Labrador,2004,252508.33333333334,213358.33333333334,427383.3333333333,31858.333333333332,181508.33333333334
221,Newfoundland and Labrador,2005,250491.66666666666,212541.66666666666,426858.3333333333,31716.666666666668,180816.66666666666
222,Newfoundland and Labrador,2006,251816.66666666666,214191.66666666666,425533.3333333333,32791.666666666664,181400.0
223,Newfoundland and Labrador,2007,252158.33333333334,217716.66666666666,425375.0,31358.333333333332,186341.66666666666
224,Newfoundland and Labrador,2008,255308.33333333334,221100.0,427875.0,32050.0,189050.0
225,Newfoundland and Labrador,2009,256333.33333333334,215650.0,432366.6666666667,30983.333333333332,184675.0
226,Newfoundland and Labrador,2010,263691.6666666667,224716.66666666666,437333.3333333333,33400.0,191325.0
227,Newfoundland and Labrador,2011,267991.6666666667,232900.0,440541.6666666667,34808.333333333336,198091.66666666666
228,Newfoundland and Labrador,2012,274708.3333333333,239600.0,442750.0,32750.0,206841.66666666666
229,Newfoundland and Labrador,2013,274391.6666666667,241916.66666666666,444541.6666666667,35000.0,206908.33333333334
230,Newfoundland and Labrador,2014,273525.0,239125.0,445833.3333333333,36125.0,203000.0
231,Newfoundland and Labrador,2015,275833.3333333333,239616.66666666666,446650.0,34941.666666666664,204675.0
232,Newfoundland and Labrador,2016,271958.3333333333,234691.66666666666,447900.0,38275.0,196408.33333333334
233,Newfoundland and Labrador,2017,265975.0,225583.33333333334,447725.0,33916.666666666664,191708.33333333334
234,Newfoundland and Labrador,2018,263175.0,226308.33333333334,446650.0,37383.333333333336,188933.33333333334
235,Newfoundland and Labrador,2019,261875.0,229900.0,445800.0,35816.666666666664,194083.33333333334
236,Newfoundland and Labrador,2020,251441.66666666666,215100.0,445541.6666666667,33966.666666666664,181158.33333333334
237,Newfoundland and Labrador,2021,256350.0,222858.33333333334,445258.3333333333,33758.333333333336,189100.0
238,Newfoundland and Labrador,2022,261716.66666666666,232491.66666666666,448441.6666666667,35391.666666666664,197075.0
239,Newfoundland and Labrador,2023,265900.0,234500.0,451400.0,35700.0,198800.0
240,Nova Scotia,1976,328158.3333333333,298041.6666666667,589491.6666666666,36891.666666666664,261166.66666666666
241,Nova Scotia,1977,332650.0,298125.0,598941.6666666666,39291.666666666664,258816.66666666666
242,Nova Scotia,1978,341950.0,305875.0,608483.3333333334,38950.0,266966.6666666667
243,Nova Scotia,1979,352533.3333333333,317325.0,618233.3333333334,41658.333333333336,275666.6666666667
244,Nova Scotia,1980,358883.3333333333,324316.6666666667,626633.3333333334,44608.333333333336,279700.0
245,Nova Scotia,1981,364691.6666666667,328475.0,632666.6666666666,49966.666666666664,278508.3333333333
246,Nova Scotia,1982,368400.0,321116.6666666667,639750.0,50766.666666666664,270375.0
247,Nova Scotia,1983,375150.0,324575.0,650133.3333333334,53091.666666666664,271475.0
248,Nova Scotia,1984,391033.3333333333,339825.0,659758.3333333334,55666.666666666664,284158.3333333333
249,Nova Scotia,1985,397016.6666666667,343708.3333333333,668291.6666666666,56741.666666666664,286958.3333333333
250,Nova Scotia,1986,404175.0,350583.3333333333,675066.6666666666,59566.666666666664,291033.3333333333
251,Nova Scotia,1987,407716.6666666667,358916.6666666667,680175.0,61383.333333333336,297533.3333333333
252,Nova Scotia,1988,415816.6666666667,373491.6666666667,685133.3333333334,61875.0,311625.0
253,Nova Scotia,1989,423483.3333333333,381766.6666666667,690925.0,65208.333333333336,316558.3333333333
254,Nova Scotia,1990,431650.0,385441.6666666667,696991.6666666666,66075.0,319366.6666666667
255,Nova Scotia,1991,433266.6666666667,380850.0,703450.0,68875.0,311950.0
256,Nova Scotia,1992,424491.6666666667,369008.3333333333,707966.6666666666,69041.66666666667,299966.6666666667
257,Nova Scotia,1993,427958.3333333333,366558.3333333333,712575.0,69100.0,297466.6666666667
258,Nova Scotia,1994,430466.6666666667,372441.6666666667,716483.3333333334,74408.33333333333,298041.6666666667
259,Nova Scotia,1995,427891.6666666667,375933.3333333333,720183.3333333334,75708.33333333333,300216.6666666667
260,Nova Scotia,1996,430500.0,377066.6666666667,724416.6666666666,75791.66666666667,301258.3333333333
261,Nova Scotia,1997,434825.0,382308.3333333333,728125.0,79525.0,302800.0
262,Nova Scotia,1998,442241.6666666667,396050.0,730750.0,77975.0,318075.0
263,Nova Scotia,1999,446350.0,403641.6666666667,734925.0,76966.66666666667,326675.0
264,Nova Scotia,2000,452666.6666666667,411600.0,739108.3333333334,76333.33333333333,335266.6666666667
265,Nova Scotia,2001,460300.0,415425.0,742033.3333333334,74533.33333333333,340891.6666666667
266,Nova Scotia,2002,467325.0,422541.6666666667,747350.0,79625.0,342891.6666666667
267,Nova Scotia,2003,474475.0,431375.0,753000.0,82850.0,348533.3333333333
268,Nova Scotia,2004,484441.6666666667,441750.0,757991.6666666666,83275.0,358475.0
269,Nova Scotia,2005,482841.6666666667,442066.6666666667,760850.0,82966.66666666667,359108.3333333333
270,Nova Scotia,2006,480166.6666666667,440558.3333333333,764025.0,83450.0,357116.6666666667
271,Nova Scotia,2007,486525.0,446675.0,765116.6666666666,83183.33333333333,363491.6666666667
272,Nova Scotia,2008,490441.6666666667,451691.6666666667,767675.0,83175.0,368491.6666666667
273,Nova Scotia,2009,497050.0,450466.6666666667,771541.6666666666,82866.66666666667,367608.3333333333
274,Nova Scotia,2010,500408.3333333333,452516.6666666667,776008.3333333334,86575.0,365941.6666666667
275,Nova Scotia,2011,500108.3333333333,454816.6666666667,779275.0,86358.33333333333,368466.6666666667
276,Nova Scotia,2012,505033.3333333333,458233.3333333333,779866.6666666666,90800.0,367425.0
277,Nova Scotia,2013,500458.3333333333,455366.6666666667,778400.0,89400.0,365966.6666666667
278,Nova Scotia,2014,492250.0,447925.0,777391.6666666666,85700.0,362225.0
279,Nova Scotia,2015,486883.3333333333,444008.3333333333,776783.3333333334,81366.66666666667,362633.3333333333
280,Nova Scotia,2016,483816.6666666667,443225.0,781516.6666666666,82283.33333333333,360908.3333333333
281,Nova Scotia,2017,489291.6666666667,447450.0,788050.0,85358.33333333333,362116.6666666667
282,Nova Scotia,2018,490425.0,452091.6666666667,795775.0,81383.33333333333,370700.0
283,Nova Scotia,2019,501708.3333333333,464716.6666666667,805991.6666666666,86566.66666666667,378158.3333333333
284,Nova Scotia,2020,491816.6666666667,443258.3333333333,814083.3333333334,79141.66666666667,364108.3333333333
285,Nova Scotia,2021,511991.6666666667,468141.6666666667,821325.0,87566.66666666667,380566.6666666667
286,Nova Scotia,2022,518958.3333333333,484850.0,840266.6666666666,83008.33333333333,401841.6666666667
287,Nova Scotia,2023,528100.0,501600.0,851700.0,87700.0,413800.0
288,Ontario,1976,3985800.0,3741358.3333333335,6203791.666666667,504550.0,3236800.0
289,Ontario,1977,4088500.0,3804233.3333333335,6336558.333333333,533141.6666666666,3271100.0
290,Ontario,1978,4230983.333333333,3924383.3333333335,6463433.333333333,546483.3333333334,3377900.0
291,Ontario,1979,4382600.0,4094216.6666666665,6580000.0,599158.3333333334,3495066.6666666665
292,Ontario,1980,4469675.0,4164041.6666666665,6692508.333333333,623991.6666666666,3540050.0
293,Ontario,1981,4594750.0,4292050.0,6786625.0,665333.3333333334,3626725.0
294,Ontario,1982,4661141.666666667,4200600.0,6897566.666666667,690425.0,3510191.6666666665
295,Ontario,1983,4742750.0,4249208.333333333,7016158.333333333,723908.3333333334,3525275.0
296,Ontario,1984,4846625.0,4411458.333333333,7142208.333333333,740725.0,3670766.6666666665
297,Ontario,1985,4969891.666666667,4576683.333333333,7268408.333333333,769133.3333333334,3807550.0
298,Ontario,1986,5087466.666666667,4732525.0,7399633.333333333,780816.6666666666,3951733.3333333335
299,Ontario,1987,5212958.333333333,4895841.666666667,7544833.333333333,797133.3333333334,4098725.0
300,Ontario,1988,5353375.0,5083200.0,7687166.666666667,844358.3333333334,4238816.666666667
301,Ontario,1989,5470075.0,5198100.0,7823791.666666667,859108.3333333334,4339008.333333333
302,Ontario,1990,5536666.666666667,5194241.666666667,7960058.333333333,882983.3333333334,4311258.333333333
303,Ontario,1991,5544941.666666667,5016550.0,8091533.333333333,911083.3333333334,4105475.0
304,Ontario,1992,5529525.0,4932716.666666667,8210875.0,913600.0,4019108.3333333335
305,Ontario,1993,5544316.666666667,4939300.0,8312100.0,964366.6666666666,3974925.0
306,Ontario,1994,5548458.333333333,5013108.333333333,8416100.0,952950.0,4060158.3333333335
307,Ontario,1995,5589425.0,5099775.0,8535591.666666666,955541.6666666666,4144241.6666666665
308,Ontario,1996,5677391.666666667,5165500.0,8661658.333333334,991758.3333333334,4173750.0
309,Ontario,1997,5773033.333333333,5289891.666666667,8784275.0,1013333.3333333334,4276550.0
310,Ontario,1998,5876733.333333333,5454383.333333333,8911975.0,1016408.3333333334,4437966.666666667
311,Ontario,1999,6017433.333333333,5636633.333333333,9042333.333333334,1014200.0,4622425.0
312,Ontario,2000,6173008.333333333,5816433.333333333,9207800.0,1047016.6666666666,4769408.333333333
313,Ontario,2001,6324125.0,5921941.666666667,9397525.0,1058383.3333333333,4863541.666666667
314,Ontario,2002,6493550.0,6032866.666666667,9586991.666666666,1101041.6666666667,4931808.333333333
315,Ontario,2003,6673700.0,6211133.333333333,9746075.0,1151825.0,5059300.0
316,Ontario,2004,6772316.666666667,6315366.666666667,9902891.666666666,1148683.3333333333,5166683.333333333
317,Ontario,2005,6835750.0,6381800.0,10056383.333333334,1161041.6666666667,5220791.666666667
318,Ontario,2006,6907175.0,6461025.0,10203950.0,1159575.0,5301458.333333333
319,Ontario,2007,6988166.666666667,6537333.333333333,10325750.0,1195208.3333333333,5342116.666666667
320,Ontario,2008,7066333.333333333,6598116.666666667,10449733.333333334,1247100.0,5350991.666666667
321,Ontario,2009,7093866.666666667,6444300.0,10573933.333333334,1272533.3333333333,5171758.333333333
322,Ontario,2010,7175041.666666667,6548108.333333333,10713966.666666666,1287183.3333333333,5260908.333333333
323,Ontario,2011,7239966.666666667,6658458.333333333,10845058.333333334,1297150.0,5361308.333333333
324,Ontario,2012,7287025.0,6704491.666666667,10969400.0,1293300.0,5411183.333333333
325,Ontario,2013,7366625.0,6805841.666666667,11085325.0,1341766.6666666667,5464075.0
326,Ontario,2014,7380641.666666667,6837683.333333333,11187450.0,1342641.6666666667,5495016.666666667
327,Ontario,2015,7385191.666666667,6885591.666666667,11277741.666666666,1307325.0,5578283.333333333
328,Ontario,2016,7445358.333333333,6957066.666666667,11421916.666666666,1324525.0,5632550.0
329,Ontario,2017,7579025.0,7118283.333333333,11606583.333333334,1376141.6666666667,5742158.333333333
330,Ontario,2018,7680875.0,7247416.666666667,11827691.666666666,1360291.6666666667,5887108.333333333
331,Ontario,2019,7865400.0,7428166.666666667,12050725.0,1384475.0,6043691.666666667
332,Ontario,2020,7789866.666666667,7029166.666666667,12217708.333333334,1221300.0,5807858.333333333
333,Ontario,2021,8049083.333333333,7394891.666666667,12340966.666666666,1304050.0,6090858.333333333
334,Ontario,2022,8193066.666666667,7732658.333333333,12517241.666666666,1359950.0,6372708.333333333
335,Ontario,2023,8276299.999999999,7849700.0,12628200.0,1342500.0,6507200.0
336,Prince Edward Island,1976,47350.0,42983.333333333336,82833.33333333333,5991.666666666667,36983.333333333336
337,Prince Edward Island,1977,48183.333333333336,43558.333333333336,84583.33333333333,6241.666666666667,37325.0
338,Prince Edward Island,1978,49650.0,44800.0,86616.66666666667,6125.0,38683.333333333336
339,Prince Edward Island,1979,52450.0,46458.333333333336,88533.33333333333,6833.333333333333,39608.333333333336
340,Prince Edward Island,1980,53316.666666666664,47741.666666666664,89841.66666666667,6891.666666666667,40841.666666666664
341,Prince Edward Island,1981,53075.0,47100.0,90483.33333333333,7858.333333333333,39225.0
342,Prince Edward Island,1982,53416.666666666664,46633.333333333336,91050.0,7858.333333333333,38758.333333333336
343,Prince Edward Island,1983,55675.0,48716.666666666664,92616.66666666667,8033.333333333333,40691.666666666664
344,Prince Edward Island,1984,56641.666666666664,49500.0,94108.33333333333,7658.333333333333,41858.333333333336
345,Prince Edward Island,1985,58550.0,50708.333333333336,95241.66666666667,8091.666666666667,42600.0
346,Prince Edward Island,1986,60108.333333333336,52233.333333333336,95975.0,8933.333333333334,43316.666666666664
347,Prince Edward Island,1987,60883.333333333336,53391.666666666664,96358.33333333333,8925.0,44458.333333333336
348,Prince Edward Island,1988,62133.333333333336,54525.0,96941.66666666667,9075.0,45416.666666666664
349,Prince Edward Island,1989,63741.666666666664,55058.333333333336,97550.0,9650.0,45400.0
350,Prince Edward Island,1990,64250.0,55083.333333333336,98100.0,9358.333333333334,45725.0
351,Prince Edward Island,1991,64066.666666666664,53483.333333333336,98541.66666666667,9641.666666666666,43833.333333333336
352,Prince Edward Island,1992,65175.0,53641.666666666664,99541.66666666667,9591.666666666666,44050.0
353,Prince Edward Island,1993,65900.0,54650.0,100825.0,10491.666666666666,44158.333333333336
354,Prince Edward Island,1994,66858.33333333333,55708.333333333336,102116.66666666667,10175.0,45541.666666666664
355,Prince Edward Island,1995,67191.66666666667,57108.333333333336,103216.66666666667,10341.666666666666,46783.333333333336
356,Prince Edward Island,1996,68925.0,58933.333333333336,104425.0,10541.666666666666,48366.666666666664
357,Prince Edward Island,1997,69150.0,58558.333333333336,105133.33333333333,10200.0,48358.333333333336
358,Prince Edward Island,1998,69150.0,59500.0,105541.66666666667,10516.666666666666,48991.666666666664
359,Prince Edward Island,1999,70316.66666666667,60333.333333333336,106291.66666666667,10216.666666666666,50125.0
360,Prince Edward Island,2000,71533.33333333333,62775.0,106958.33333333333,10358.333333333334,52433.333333333336
361,Prince Edward Island,2001,72266.66666666667,63708.333333333336,107758.33333333333,10341.666666666666,53366.666666666664
362,Prince Edward Island,2002,73308.33333333333,64666.666666666664,108641.66666666667,10433.333333333334,54233.333333333336
363,Prince Edward Island,2003,73933.33333333333,65925.0,109458.33333333333,11000.0,54925.0
364,Prince Edward Island,2004,75016.66666666667,66633.33333333333,110458.33333333333,11041.666666666666,55566.666666666664
365,Prince Edward Island,2005,76041.66666666667,67700.0,111375.0,11408.333333333334,56291.666666666664
366,Prince Edward Island,2006,76825.0,67991.66666666667,111950.0,10758.333333333334,57225.0
367,Prince Edward Island,2007,76158.33333333333,68191.66666666667,112400.0,11558.333333333334,56641.666666666664
368,Prince Edward Island,2008,77375.0,68708.33333333333,113341.66666666667,11350.0,57350.0
369,Prince Edward Island,2009,77800.0,68475.0,114433.33333333333,11758.333333333334,56741.666666666664
370,Prince Edward Island,2010,79341.66666666667,70166.66666666667,116508.33333333333,12766.666666666666,57408.333333333336
371,Prince Edward Island,2011,81475.0,72133.33333333333,118533.33333333333,12008.333333333334,60158.333333333336
372,Prince Edward Island,2012,82275.0,72925.0,119233.33333333333,12816.666666666666,60116.666666666664
373,Prince Edward Island,2013,83375.0,73758.33333333333,119033.33333333333,12891.666666666666,60875.0
374,Prince Edward Island,2014,81750.0,73116.66666666667,119225.0,11783.333333333334,61333.333333333336
375,Prince Edward Island,2015,81500.0,72866.66666666667,119550.0,12441.666666666666,60425.0
376,Prince Edward Island,2016,81250.0,72508.33333333333,121400.0,12608.333333333334,59925.0
377,Prince Edward Island,2017,83325.0,75041.66666666667,124066.66666666667,12341.666666666666,62716.666666666664
378,Prince Edward Island,2018,85383.33333333333,77016.66666666667,126883.33333333333,12550.0,64483.333333333336
379,Prince Edward Island,2019,87166.66666666667,79550.0,130266.66666666667,11941.666666666666,67616.66666666667
380,Prince Edward Island,2020,85958.33333333333,76800.0,132433.33333333334,11783.333333333334,65016.666666666664
381,Prince Edward Island,2021,88733.33333333333,79958.33333333333,134350.0,13016.666666666666,66950.0
382,Prince Edward Island,2022,91066.66666666667,84225.0,139191.66666666666,13200.0,71016.66666666667
383,Prince Edward Island,2023,90800.0,83900.0,141500.0,13800.0,70100.0
384,Quebec,1976,2788475.0,2545216.6666666665,4739116.666666667,229100.0,2316133.3333333335
385,Quebec,1977,2853758.3333333335,2557966.6666666665,4809175.0,250583.33333333334,2307383.3333333335
386,Quebec,1978,2918608.3333333335,2598391.6666666665,4862383.333333333,270816.6666666667,2327583.3333333335
387,Quebec,1979,2981933.3333333335,2692050.0,4923466.666666667,299583.3333333333,2392466.6666666665
388,Quebec,1980,3060733.3333333335,2754075.0,4987516.666666667,326425.0,2427641.6666666665
389,Quebec,1981,3119741.6666666665,2789775.0,5042400.0,357958.3333333333,2431825.0
390,Quebec,1982,3076491.6666666665,2642525.0,5085275.0,374608.3333333333,2267891.6666666665
391,Quebec,1983,3126541.6666666665,2685150.0,5119325.0,398675.0,2286466.6666666665
392,Quebec,1984,3180000.0,2762216.6666666665,5155166.666666667,405775.0,2356425.0
393,Quebec,1985,3243325.0,2848108.3333333335,5195991.666666667,447741.6666666667,2400375.0
394,Quebec,1986,3294800.0,2931425.0,5240516.666666667,456975.0,2474433.3333333335
395,Quebec,1987,3362733.3333333335,3020741.6666666665,5290883.333333333,452141.6666666667,2568608.3333333335
396,Quebec,1988,3405758.3333333335,3082991.6666666665,5338741.666666667,467075.0,2615933.3333333335
397,Quebec,1989,3459166.6666666665,3128500.0,5393333.333333333,470466.6666666667,2658058.3333333335
398,Quebec,1990,3505916.6666666665,3139050.0,5456991.666666667,483908.3333333333,2655141.6666666665
399,Quebec,1991,3510000.0,3083625.0,5516966.666666667,516508.3333333333,2567108.3333333335
400,Quebec,1992,3481583.3333333335,3037350.0,5564525.0,519933.3333333333,2517400.0
401,Quebec,1993,3496125.0,3033125.0,5610933.333333333,536858.3333333334,2496250.0
402,Quebec,1994,3529858.3333333335,3096766.6666666665,5651833.333333333,530308.3333333334,2566450.0
403,Quebec,1995,3539216.6666666665,3136541.6666666665,5693766.666666667,543366.6666666666,2593158.3333333335
404,Quebec,1996,3552583.3333333335,3132241.6666666665,5737408.333333333,556783.3333333334,2575450.0
405,Quebec,1997,3582000.0,3172916.6666666665,5772175.0,565125.0,2607791.6666666665
406,Quebec,1998,3632533.3333333335,3256725.0,5806591.666666667,571566.6666666666,2685150.0
407,Quebec,1999,3672508.3333333335,3328825.0,5844616.666666667,559716.6666666666,2769116.6666666665
408,Quebec,2000,3717950.0,3403441.6666666665,5888250.0,574508.3333333334,2828925.0
409,Quebec,2001,3773408.3333333335,3445400.0,5935866.666666667,597833.3333333334,2847583.3333333335
410,Quebec,2002,3902591.6666666665,3561850.0,5987566.666666667,636600.0,2925266.6666666665
411,Quebec,2003,3991033.3333333335,3625625.0,6038200.0,671975.0,2953633.3333333335
412,Quebec,2004,4020150.0,3678233.3333333335,6096150.0,669175.0,3009050.0
413,Quebec,2005,4039958.3333333335,3708858.3333333335,6158225.0,675625.0,3033250.0
414,Quebec,2006,4073441.6666666665,3738733.3333333335,6226816.666666667,689750.0,3048991.6666666665
415,Quebec,2007,4132508.3333333335,3826141.6666666665,6302616.666666667,722166.6666666666,3103983.3333333335
416,Quebec,2008,4185758.3333333335,3872766.6666666665,6382441.666666667,735791.6666666666,3136966.6666666665
417,Quebec,2009,4225708.333333333,3853883.3333333335,6467083.333333333,740158.3333333334,3113733.3333333335
418,Quebec,2010,4282550.0,3930450.0,6554216.666666667,779175.0,3151266.6666666665
419,Quebec,2011,4322608.333333333,3978058.3333333335,6626683.333333333,776450.0,3201583.3333333335
420,Quebec,2012,4357908.333333333,4017191.6666666665,6673775.0,779175.0,3237991.6666666665
421,Quebec,2013,4393316.666666667,4050641.6666666665,6708250.0,786166.6666666666,3264483.3333333335
422,Quebec,2014,4374341.666666667,4029925.0,6734033.333333333,820208.3333333334,3209708.3333333335
423,Quebec,2015,4388383.333333333,4049700.0,6749975.0,803300.0,3246408.3333333335
424,Quebec,2016,4391000.0,4076925.0,6784191.666666667,797250.0,3279691.6666666665
425,Quebec,2017,4446325.0,4180733.3333333335,6843058.333333333,822891.6666666666,3357850.0
426,Quebec,2018,4500616.666666667,4255775.0,6921025.0,809533.3333333334,3446200.0
427,Quebec,2019,4560100.0,4328566.666666667,7000575.0,822975.0,3505575.0
428,Quebec,2020,4497691.666666667,4095891.6666666665,7053466.666666667,712616.6666666666,3383275.0
429,Quebec,2021,4554008.333333333,4275450.0,7098875.0,756591.6666666666,3518866.6666666665
430,Quebec,2022,4604375.0,4406850.0,7156275.0,796233.3333333334,3610616.6666666665
431,Quebec,2023,4696900.0,4511600.0,7204500.0,817300.0,3694300.0
432,Saskatchewan,1976,397500.0,382200.0,656616.6666666666,58466.666666666664,323725.0
433,Saskatchewan,1977,413600.0,395450.0,670958.3333333334,61741.666666666664,333708.3333333333
434,Saskatchewan,1978,423508.3333333333,403158.3333333333,681183.3333333334,66716.66666666667,336433.3333333333
435,Saskatchewan,1979,434266.6666666667,416375.0,690950.0,71508.33333333333,344858.3333333333
436,Saskatchewan,1980,442366.6666666667,423300.0,700466.6666666666,75708.33333333333,347591.6666666667
437,Saskatchewan,1981,451191.6666666667,431016.6666666667,709066.6666666666,80733.33333333333,350300.0
438,Saskatchewan,1982,459500.0,430291.6666666667,718608.3333333334,84325.0,345966.6666666667
439,Saskatchewan,1983,472991.6666666667,436866.6666666667,729191.6666666666,89141.66666666667,347733.3333333333
440,Saskatchewan,1984,482450.0,443283.3333333333,739791.6666666666,95875.0,347400.0
441,Saskatchewan,1985,493925.0,453716.6666666667,747216.6666666666,93975.0,359775.0
442,Saskatchewan,1986,502041.6666666667,463283.3333333333,750475.0,98200.0,365075.0
443,Saskatchewan,1987,498375.0,461975.0,752283.3333333334,99183.33333333333,362800.0
444,Saskatchewan,1988,499358.3333333333,462858.3333333333,748916.6666666666,101616.66666666667,361225.0
445,Saskatchewan,1989,492483.3333333333,456300.0,741933.3333333334,98258.33333333333,358025.0
446,Saskatchewan,1990,488633.3333333333,454208.3333333333,733783.3333333334,100725.0,353475.0
447,Saskatchewan,1991,489350.0,453441.6666666667,731508.3333333334,103825.0,349616.6666666667
448,Saskatchewan,1992,487108.3333333333,448100.0,732516.6666666666,105175.0,342933.3333333333
449,Saskatchewan,1993,489025.0,448433.3333333333,735208.3333333334,105383.33333333333,343075.0
450,Saskatchewan,1994,487766.6666666667,454400.0,738725.0,100358.33333333333,354025.0
451,Saskatchewan,1995,491033.3333333333,457858.3333333333,743575.0,102400.0,355475.0
452,Saskatchewan,1996,486325.0,454616.6666666667,744850.0,96550.0,358041.6666666667
453,Saskatchewan,1997,493766.6666666667,464491.6666666667,746300.0,96733.33333333333,367733.3333333333
454,Saskatchewan,1998,497908.3333333333,468950.0,748258.3333333334,94275.0,374675.0
455,Saskatchewan,1999,499650.0,469716.6666666667,748583.3333333334,96125.0,373575.0
456,Saskatchewan,2000,498375.0,472941.6666666667,746658.3333333334,92533.33333333333,380391.6666666667
457,Saskatchewan,2001,487375.0,459275.0,741766.6666666666,90283.33333333333,369016.6666666667
458,Saskatchewan,2002,495533.3333333333,467366.6666666667,741533.3333333334,94541.66666666667,372808.3333333333
459,Saskatchewan,2003,503991.6666666667,475550.0,743516.6666666666,95700.0,379850.0
460,Saskatchewan,2004,507033.3333333333,480216.6666666667,746958.3333333334,94366.66666666667,385841.6666666667
461,Saskatchewan,2005,507783.3333333333,482158.3333333333,747850.0,94750.0,387408.3333333333
462,Saskatchewan,2006,516408.3333333333,491941.6666666667,749900.0,93000.0,398950.0
463,Saskatchewan,2007,530041.6666666666,506966.6666666667,759300.0,95958.33333333333,411000.0
464,Saskatchewan,2008,541383.3333333334,518375.0,772450.0,93783.33333333333,424583.3333333333
465,Saskatchewan,2009,555258.3333333334,527316.6666666666,786708.3333333334,101450.0,425866.6666666667
466,Saskatchewan,2010,565566.6666666666,535450.0,800683.3333333334,99458.33333333333,436025.0
467,Saskatchewan,2011,569050.0,540783.3333333334,812533.3333333334,97616.66666666667,443166.6666666667
468,Saskatchewan,2012,578350.0,550258.3333333334,825358.3333333334,96408.33333333333,453858.3333333333
469,Saskatchewan,2013,587683.3333333334,563050.0,836625.0,98250.0,464766.6666666667
470,Saskatchewan,2014,589416.6666666666,566450.0,846033.3333333334,97100.0,469350.0
471,Saskatchewan,2015,596241.6666666666,565350.0,851466.6666666666,100450.0,464875.0
472,Saskatchewan,2016,599791.6666666666,561291.6666666666,859900.0,101391.66666666667,459900.0
473,Saskatchewan,2017,601450.0,562808.3333333334,869016.6666666666,102191.66666666667,460608.3333333333
474,Saskatchewan,2018,604041.6666666666,567108.3333333334,876558.3333333334,104458.33333333333,462633.3333333333
475,Saskatchewan,2019,610275.0,576575.0,883741.6666666666,106625.0,469908.3333333333
476,Saskatchewan,2020,597233.3333333334,547641.6666666666,888016.6666666666,95150.0,452491.6666666667
477,Saskatchewan,2021,601275.0,561966.6666666666,889583.3333333334,104600.0,457375.0
478,Saskatchewan,2022,610275.0,581850.0,900216.6666666666,104550.0,477291.6666666667
479,Saskatchewan,2023,615500.0,589000.0,912000.0,110000.0,479000.0
